iter	Logloss
0	0.2507356539
1	0.1600600663
2	0.127212054533	0.110339031544	0.102360660355	0.09574433807
6	0.09375371262
7	0.08940772685
8	0.08508340374
9	0.08139601949

